,g,ids,m,p,p2,p2g,pg,label
0,0.2253968238095238,"[88140, 168252, 1214, 3114, 112556, 112623, 1193]",0.3797462850668325,0.11139636193005284,0.26980425575655936,0.24760053978304158,0.1683965928697883,bottom
1,0.1270408111111111,"[122886, 86880, 114935, 115149, 595, 364, 2959]",0.39843521725690667,0.13171560557551545,0.2571228875148469,0.192081849312979,0.12937820834331326,middle
2,0.1865079380952381,"[112623, 111362, 136864, 122904, 116823, 99114, 3114]",0.42168016289293286,0.25202807860587,0.23666212040762166,0.21158502925142986,0.21926800835055407,top
