,g,ids,m,p,p2,p2g,pg
0,0.43500000666666666,"[33794, 1377, 58559, 91529, 98124, 99813, 136864]",0.5084235007703475,0.46518633066279946,0.40934214698451904,0.4221710768255928,0.45009316866473303
1,0.7277777777777779,"[110553, 52722, 5349, 8636, 95510, 170297, 89745]",0.5855197036417877,0.23880947508089417,0.2692860556750833,0.49853191672643055,0.483293626429336
2,1.0,"[1954, 2409, 2410, 2411, 2412, 49651, 89045]",0.7073122729862101,0.7154332507286746,0.34388222054974543,0.6719411102748727,0.8577166253643373
