,g,ids,m,p,p2,p2g,pg,label
0,0.875,"[1, 106022, 120474, 3114, 78499, 45517, 87876]",0.6003843361128314,0.32755681631866307,0.3086043886778315,0.5918021943389157,0.6012784081593315,0
1,0.625,"[1, 106022, 120474, 3114, 78499, 2706, 87876]",0.5636721836806095,0.331298907814442,0.24077608648876683,0.4328880432443834,0.478149453907221,1
2,0.25,"[1, 106022, 120474, 1240, 78499, 2706, 87876]",0.4244285040247499,0.15731193461211201,0.22110844289871115,0.23555422144935556,0.20365596730605598,2
3,0.041666666666666664,"[1, 106022, 120474, 1240, 8957, 2706, 87876]",0.35328009275,0.07536227,0.19407633333333332,0.1178715,0.058514468333333326,3
4,0.075,"[1, 49272, 120474, 1240, 8957, 2706, 87876]",0.36571210767999995,0.069368811,0.23971600999999998,0.157358005,0.0721844055,4
5,0.07444444666666666,"[1, 49272, 63992, 1240, 8957, 2706, 87876]",0.37143493354666657,0.09134334866666666,0.26583206,0.17013825333333335,0.08289389766666666,5
6,0.15563491999999998,"[79132, 49272, 63992, 1240, 8957, 2706, 87876]",0.3870621907843504,0.15496956275252674,0.3179156260104866,0.23677527300524334,0.15530224137626336,6
